email,password
patient1@example.com,123456789
patient2@example.com,123456789
patient3@example.com,123456789
patient4@example.com,123456789
patient5@example.com,123456789
patient6@example.com,123456789
patient7@example.com,123456789
patient8@example.com,123456789
patient10@example.com,123456789
patient11@example.com,123456789
patient12@example.com,123456789
patient13@example.com,123456789
patient14@example.com,123456789
patient15@example.com,123456789
patient16@example.com,123456789
patient17@example.com,123456789
patient18@example.com,123456789
patient19@example.com,123456789
patient20@example.com,123456789
patient21@example.com,123456789
patient22@example.com,123456789
patient23@example.com,123456789
patient24@example.com,123456789
patient25@example.com,123456789
patient26@example.com,123456789
patient27@example.com,123456789
patient28@example.com,123456789
patient29@example.com,123456789
patient30@example.com,123456789
patient31@example.com,123456789
patient32@example.com,123456789
patient33@example.com,123456789
patient34@example.com,123456789
patient35@example.com,123456789
patient36@example.com,123456789
patient37@example.com,123456789
doctor1@example.com,123456789
doctor2@example.com,123456789
doctor3@example.com,123456789
doctor4@example.com,123456789
doctor5@example.com,123456789
doctor6@example.com,123456789
doctor7@example.com,123456789
doctor8@example.com,123456789
doctor9@example.com,123456789
doctor10@example.com,123456789
doctor11@example.com,123456789
doctor12@example.com,123456789
doctor13@example.com,123456789
doctor14@example.com,123456789
doctor15@example.com,123456789
doctor16@example.com,123456789
doctor17@example.com,123456789
nurse1@example.com,123456789
nurse2@example.com,123456789
nurse3@example.com,123456789
nurse4@example.com,123456789
nurse5@example.com,123456789
nurse6@example.com,123456789
nurse7@example.com,123456789
nurse8@example.com,123456789
nurse9@example.com,123456789
nurse10@example.com,123456789
nurse11@example.com,123456789
nurse12@example.com,123456789
nurse13@example.com,123456789
nurse14@example.com,123456789
nurse15@example.com,123456789
nurse16@example.com,123456789
nurse17@example.com,123456789
nurse18@example.com,123456789
nurse19@example.com,123456789
nurse20@example.com,123456789
consultant1@example.com,123456789
consultant2@example.com,123456789
consultant3@example.com,123456789
consultant4@example.com,123456789
consultant5@example.com,123456789
consultant6@example.com,123456789
consultant7@example.com,123456789
consultant8@example.com,123456789
consultant9@example.com,123456789
consultant10@example.com,123456789
consultant11@example.com,123456789
consultant12@example.com,123456789
consultant13@example.com,123456789
consultant14@example.com,123456789
consultant15@example.com,123456789
consultant16@example.com,123456789
consultant17@example.com,123456789
consultant18@example.com,123456789
consultant19@example.com,123456789
consultant20@example.com,123456789
consultant21@example.com,123456789
consultant22@example.com,123456789
consultant23@example.com,123456789
consultant24@example.com,123456789
consultant25@example.com,123456789
consultant26@example.com,123456789
admin@example.com,123456789 